{"milestoneTimings":[{"name":"Node started","timeSinceStartOrReload":0},{"name":"Upgrades finished","timeSinceStartOrReload":110},{"name":"Splash screen displayed","timeSinceStartOrReload":110},{"name":"Initial render of foreground window","timeSinceStartOrReload":1648},{"name":"GitKraken loaded (Non-Repo Tab)","timeSinceStartOrReload":2573}],"eventTimings":[{"name":"Critical mount behavior","relativeStart":38,"relativeEnd":220,"duration":182,"milestone":"GitKraken loaded (Non-Repo Tab)"},{"name":"StartUpTrigger","relativeStart":38,"relativeEnd":338,"duration":300,"milestone":"GitKraken loaded (Non-Repo Tab)"},{"name":"opening renderer window","relativeStart":29,"relativeEnd":60,"duration":31,"milestone":"Initial render of foreground window"},{"name":"--- NO TRACKED EVENTS ---","relativeStart":60,"relativeEnd":264,"duration":204,"milestone":"Initial render of foreground window"},{"name":"loading style sheets","relativeStart":264,"relativeEnd":405,"duration":141,"milestone":"Initial render of foreground window"},{"name":"loading monaco scripts","relativeStart":405,"relativeEnd":801,"duration":396,"milestone":"Initial render of foreground window"},{"name":"index.js pre-bootstrap","relativeStart":801,"relativeEnd":880,"duration":79,"milestone":"Initial render of foreground window"},{"name":"loading bootstrapScript and its imports","relativeStart":880,"relativeEnd":1196,"duration":316,"milestone":"Initial render of foreground window"},{"name":"main.jsx pre-mount","relativeStart":1196,"relativeEnd":1538,"duration":342,"milestone":"Initial render of foreground window"},{"name":"first main.js require statements","relativeStart":0,"relativeEnd":6,"duration":6,"milestone":"Upgrades finished"},{"name":"second main.js require statements","relativeStart":6,"relativeEnd":42,"duration":36,"milestone":"Upgrades finished"},{"name":"main.js require yargs","relativeStart":42,"relativeEnd":44,"duration":2,"milestone":"Upgrades finished"},{"name":"waiting for app ready","relativeStart":45,"relativeEnd":103,"duration":58,"milestone":"Upgrades finished"},{"name":"main.js require ./upgradeScripts","relativeStart":103,"relativeEnd":108,"duration":5,"milestone":"Upgrades finished"}]}