{
/*
	 // Place your snippets for SQL here. Each snippet is defined under a snippet name and has a prefix, body and
	 // description. The prefix is what is used to trigger the snippet and the body will be expanded and inserted. Possible variables are:
	 // $1, $2 for tab stops, ${id} and ${id:label} and ${1:label} for variables. Variables with the same id are connected.
	 // Example:
	 "Print to console": {
		"prefix": "log",
		"body": [
			"console.log('$1');",
			"$2"
		],
		"description": "Log output to console"
	}
*/
  "dbms_output.put_line": {
		"prefix": "dbms_output",
		"body": [
			"dbms_output.put_line($1);$2"
		],
		"description": "Log to dbms output"
	},

  "if": {
		"prefix": "if",
		"body": [
			"IF $1",
      "THEN",
			"  $2",
      "END IF;"
		],
		"description": "Log to dbms output"
	},

  "for": {
		"prefix": "for",
		"body": [
			"FOR $1 IN ($2)",
      "LOOP",
			"  $3",
      "END LOOP;"
		],
		"description": "Log to dbms output"
	},

  "begin": {
		"prefix": "begin",
		"body": [
			"BEGIN",
			"  $1",
      "END;"
		],
		"description": "Log to dbms output"
	},

  "exception when": {
		"prefix": "ex",
		"body": [
			"EXCEPTION",
			"  WHEN $1 THEN",
      "    $2"
		],
		"description": "Log to dbms output"
	},


}